grpno,faculty
1,QF
2,SQ
3,AZ
4,LA
5,AV
6,AM
7,LA
8,SQ
9,KL
10,AM
11,DL
12,KE
13,NZ
14,DL
15,SK
16,NZ
17,AV
18,LA
19,NZ
20,ET
21,QF
22,UA
23,IB
24,KL
25,UA
26,KE
27,AA
28,LH
29,NZ
30,NH
31,QR
32,LA
33,IB
34,LH
35,SK
36,AZ
37,DL
38,AI
39,AM
40,CX
41,LA
42,AF
43,IB
44,QF
45,AA
46,DL
47,NZ
48,KE
49,SA
50,DL
51,NZ
52,SQ
53,KE
54,TG
55,BA
56,TG
57,BA
58,LH
59,AM
60,AA
61,CX
62,LH
63,LH
64,AC
65,SK
66,QR
67,QF
68,LH
69,NH
70,CX
71,AV
72,IB
73,AA
74,NZ
75,UA
76,AM
77,AC
78,AI
79,TG
80,ET
81,LA
82,WN
83,TG
84,SA
85,KE
86,TG
87,AV
88,QR
89,LH
90,AA
91,NZ
92,KE
93,KE
94,WN
95,AV
96,NH
97,AF
98,KL
99,TG
100,QR
101,BA
102,LA
103,SQ
104,AF
105,AI
106,UA
107,NZ
108,QF
109,KL
110,LA
111,AV
112,SK
113,DL
114,AA
115,UA
116,SA
117,AM
118,EK
119,NH
120,LA
121,AI
122,LA
123,AC
124,TG
125,AC
126,QR
127,WN
128,LH
129,AM
130,SK
131,SA
132,AF
133,NH
134,WN
135,ET
136,LA
137,EK
138,EK
139,KL
140,KL
141,AI
142,BA
143,KE
144,AV
145,TG
146,NZ
147,IB
148,ET
149,SA
150,TG
151,AF
152,SK
153,WN
154,SA
155,QF
156,KL
157,SA
158,CX
159,KE
160,BA
161,QF
162,NH
163,TG
164,KE
165,QR
166,SQ
167,AA
168,TG
169,AC
170,AM
171,AF
172,IB
173,KE
174,QF
175,SK
176,NZ
177,BA
178,ET
179,AI
180,KL
181,ET
182,KE
183,ET
184,LA
185,WN
186,AI
187,SQ
188,AV
189,IB
190,AI
191,ET
192,KE
193,SK
194,IB
195,SA
196,LA
197,LH
198,AI
199,QR
200,AC
201,EK
202,QF
203,SK
204,KL
205,EK
206,IB
207,QF
208,WN
209,LA
210,SA
211,LH
212,BA
213,UA
214,LA
215,WN
216,IB
217,TG
218,CX
219,BA
220,IB
221,SQ
222,IB
223,LA
224,AC
225,SK
226,CX
227,AV
228,AV
229,LH
230,DL
231,ET
232,CX
233,AI
234,TG
235,LH
236,TG
237,EK
238,UA
239,LH
240,UA
241,BA
242,AM
243,CX
244,DL
245,AZ
246,CX
247,SK
248,AM
249,AF
250,WN
251,SA
252,CX
253,KL
254,CX
255,AF
256,BA
257,AI
258,AM
259,NZ
260,AF
261,SA
262,NZ
263,EK
264,NZ
265,AA
266,ET
267,AF
268,NZ
269,IB
270,DL
271,AV
272,WN
273,SA
274,QF
275,AZ
276,KE
277,KE
278,QR
279,AM
280,CX
281,ET
282,IB
283,EK
284,AI
285,UA
286,QR
287,SQ
288,KE
289,AZ
290,DL
291,NZ
292,QF
293,SA
294,AV
295,NZ
296,CX
297,AA
298,TG
299,AV
300,AI
301,SK
302,IB
303,BA
304,LA
305,AA
306,AI
307,QR
308,TG
309,EK
310,ET
311,SK
312,KL
313,NH
314,SQ
315,AA
316,LA
317,CX
318,AV
319,SA
320,UA
321,EK
322,BA
323,DL
324,AF
325,SQ
326,AV
327,NZ
328,ET
329,QF
330,AI
331,LH
332,SK
333,IB
334,ET
335,NH
336,WN
337,NH
338,AM
339,CX
340,LH
341,EK
342,AM
343,AI
344,TG
345,TG
346,AV
347,IB
348,LA
349,CX
350,AA
351,AA
352,IB
353,WN
354,LH
355,NZ
356,BA
357,LA
358,IB
359,LH
360,UA
361,AC
362,AM
363,AZ
364,BA
365,LH
366,NZ
367,ET
368,DL
369,KL
370,AA
371,ET
372,LA
373,AC
374,EK
375,NH
376,DL
377,BA
378,AV
379,SK
380,SQ
381,SA
382,UA
383,AM
384,IB
385,SK
386,AC
387,AA
388,SK
389,TG
390,EK
391,CX
392,EK
393,BA
394,SK
395,SK
396,DL
397,AZ
398,AF
399,CX
400,AF
401,AZ
402,KL
403,NH
404,AA
405,WN
406,AZ
407,WN
408,ET
409,IB
410,AC
411,AC
412,AV
413,SA
414,NZ
415,QF
416,TG
417,LH
418,EK
419,QF
420,SA
421,ET
422,NH
423,AA
424,AI
425,NZ
426,KL
427,KL
428,WN
429,TG
430,IB
431,NZ
432,DL
433,SK
434,AC
435,WN
436,SK
437,AI
438,AC
439,LH
440,LA
441,IB
442,DL
443,IB
444,QR
445,LH
446,AV
447,CX
448,SK
449,AA
450,UA
451,DL
452,BA
453,AV
454,SA
455,KE
456,AV
457,SA
458,SA
459,AA
460,AZ
461,TG
462,AF
463,UA
464,SQ
465,ET
466,LA
467,EK
468,SA
469,CX
470,AV
471,IB
472,QR
473,AF
474,SK
475,ET
476,KL
477,EK
478,UA
479,KL
480,NZ
481,SK
482,IB
483,UA
484,NZ
485,UA
486,QR
487,AZ
488,SK
489,LA
490,SK
491,AI
492,SA
493,EK
494,BA
495,SK
496,AA
497,KE
498,IB
499,TG
500,NH
501,AC
502,UA
503,KE
504,SK
505,TG
506,BA
507,CX
508,QR
509,TG
510,LA
511,TG
512,AV
513,KL
514,IB
515,QF
516,AZ
517,BA
518,UA
519,AM
520,KL
521,KE
522,UA
523,AC
524,AV
525,AV
526,LH
527,CX
528,SQ
529,QF
530,AZ
531,SK
532,UA
533,AC
534,UA
535,CX
536,CX
537,KL
538,LH
539,SK
540,AA
541,NZ
542,UA
543,TG
544,IB
545,AI
546,KL
547,SQ
548,SQ
549,AZ
550,ET
551,QF
552,BA
553,QR
554,KL
555,QF
556,QF
557,SA
558,SK
559,LH
560,BA
561,AC
562,IB
563,AM
564,ET
565,LH
566,SK
567,ET
568,QF
569,CX
570,IB
571,LH
572,AC
573,UA
574,BA
575,AM
576,SA
577,AI
578,AM
579,NH
580,AA
581,KL
582,DL
583,SA
584,KE
585,AM
586,WN
587,AF
588,CX
589,AA
590,KE
591,BA
592,IB
593,NZ
594,SA
595,BA
596,AZ
597,AV
598,CX
599,AV
600,SQ
601,EK
602,KE
603,IB
604,AC
605,SK
606,UA
607,AA
608,TG
609,SA
610,AI
611,CX
612,BA
613,DL
614,NZ
615,BA
616,NZ
617,BA
618,QF
619,AA
620,EK
621,KE
622,WN
623,QR
624,IB
625,AI
626,SA
627,AF
628,AZ
629,SK
630,KE
631,LH
632,ET
633,AF
634,AA
635,AA
636,KE
637,QR
638,UA
639,KE
640,AZ
641,QR
642,NH
643,AI
644,BA
645,UA
646,WN
647,LH
648,NZ
649,SA
650,SQ
651,SA
652,AV
653,TG
654,TG
655,AI
656,CX
657,NH
658,AI
659,BA
660,SQ
661,SQ
662,AM
663,AZ
664,NZ
665,TG
666,AM
667,AA
668,SQ
669,QR
670,DL
671,ET
672,NZ
673,AA
674,KE
675,SA
676,AZ
677,SK
678,BA
679,AV
680,AM
681,DL
682,AZ
683,SK
684,AC
685,IB
686,WN
687,SK
688,AA
689,IB
690,BA
691,DL
692,SQ
693,TG
694,AM
695,WN
696,AF
697,BA
698,NZ
699,DL
700,NZ
701,IB
702,ET
703,QF
704,NH
705,AA
706,LH
707,AA
708,SQ
709,ET
710,AI
711,NZ
712,KE
713,AA
714,AM
715,LA
716,AV
717,WN
718,IB
719,AZ
720,AF
721,UA
722,AA
723,IB
724,NZ
725,SK
726,NH
727,CX
728,AZ
729,ET
730,SA
731,LH
732,TG
733,NZ
734,EK
735,UA
736,AF
737,UA
738,BA
739,TG
740,AC
741,EK
742,NZ
743,QF
744,IB
745,AI
746,DL
747,EK
748,BA
749,KE
750,QR
751,TG
752,IB
753,KE
754,AA
755,SA
756,QR
757,ET
758,AM
759,LH
760,NZ
761,AI
762,SA
763,LH
764,AF
765,ET
766,AA
767,AF
768,SK
769,LA
770,KE
771,WN
772,LA
773,SQ
774,UA
775,DL
776,AF
777,AI
778,AA
779,QR
780,CX
781,AA
782,QF
783,LH
784,QR
785,AF
786,SK
787,BA
788,IB
789,SQ
790,AF
791,DL
792,AZ
793,ET
794,TG
795,WN
796,WN
797,WN
798,WN
799,QR
800,QR
801,AA
802,IB
803,TG
804,UA
805,EK
806,SK
807,EK
808,IB
809,AV
810,QF
811,AF
812,CX
813,CX
814,NH
815,EK
816,AZ
817,BA
818,LH
819,BA
820,LA
821,WN
822,IB
823,KE
824,AF
825,SK
826,IB
827,CX
828,LH
829,NZ
830,UA
831,SK
832,WN
833,NZ
834,AC
835,AZ
836,NH
837,IB
838,SA
839,AV
840,AF
841,SA
842,BA
843,NZ
844,QR
845,AV
846,BA
847,NZ
848,SA
849,BA
850,SK
851,SQ
852,SK
853,QF
854,AC
855,AZ
856,AA
857,AM
858,LA
859,ET
860,IB
861,SQ
862,LH
863,NH
864,TG
865,UA
866,AA
867,WN
868,DL
869,BA
870,SQ
871,TG
872,KE
873,UA
874,BA
875,LH
876,LH
877,LH
878,KE
879,WN
880,WN
881,DL
882,AF
883,AZ
884,SQ
885,AF
886,ET
887,QR
888,LA
889,BA
890,AV
891,LA
892,UA
893,WN
894,ET
895,SA
896,AM
897,QR
898,WN
899,UA
900,AF
901,KL
902,SK
903,IB
904,AF
905,AC
906,KL
907,LH
908,NH
909,AF
910,DL
911,WN
912,SA
913,EK
914,QR
915,WN
916,SQ
917,KE
918,AZ
919,SK
920,AC
921,KL
922,ET
923,AA
924,AI
925,SQ
926,WN
927,AI
928,AI
929,LA
930,WN
931,ET
932,LA
933,AC
934,NH
935,NZ
936,QR
937,ET
938,SA
939,UA
940,AM
941,QR
942,DL
943,AV
944,QF
945,SA
946,QR
947,AC
948,EK
949,DL
950,KE
951,NH
952,LA
953,IB
954,AI
955,NZ
956,AM
957,NZ
958,AZ
959,UA
960,AZ
961,QF
962,AM
963,AZ
964,LH
965,NH
966,AM
967,TG
968,KL
969,AZ
970,QR
971,KL
972,LH
973,TG
974,BA
975,QF
976,SK
977,AF
978,AI
979,KL
980,TG
981,AI
982,AA
983,QR
984,ET
985,WN
986,EK
987,SQ
988,LH
989,CX
990,AI
991,QF
992,IB
993,KE
994,IB
995,SA
996,SQ
997,LA
998,WN
999,ET
1000,LA
